{"cameraMode":{"drawMode":0,"name":"Shaded","section":"Shading Mode"},"sceneLighting":true,"audioPlay":false,"sceneViewState":{"showFog":true,"showMaterialUpdate":false,"showSkybox":true,"showFlares":true,"showImageEffects":true,"showParticleSystems":true},"in2DMode":false,"pivot":{"x":-2.448871612548828,"y":-3.139331340789795,"z":16.490747451782228},"rotation":{"x":-0.015282408334314824,"y":0.0590556375682354,"z":-0.0009040178847499192,"w":-0.9981400370597839},"size":10.087359428405762,"orthographic":false}